symbol,direction,entry_time,exit_time,entry_price,exit_price,qty,pnl,return_pct,reason
ETHUSDT,LONG,2024-01-01 16:00:00+00:00,2024-01-02 00:00:00+00:00,2317.0146999999997,2356.2896231571426,0.48038156021068096,16.621979641285357,1.6950657739522645,TP1_HALF
SOLUSDT,LONG,2024-01-01 16:00:00+00:00,2024-01-02 00:00:00+00:00,106.08597999999999,110.50536401999999,2.7593818984547456,11.59711003305738,4.165851152056099,TP1_HALF
XRPUSDT,LONG,2024-01-02 00:00:00+00:00,2024-01-02 09:00:00+00:00,0.6300293999999999,0.6387649955999999,1337.0958786232425,9.98382911690235,1.3865377710944982,TP1_HALF
ETHUSDT,LONG,2024-01-01 16:00:00+00:00,2024-01-02 11:00:00+00:00,2317.0146999999997,2387.2767621428575,0.48038156021068096,31.492744163535857,3.03243920476024,STOP
XRPUSDT,LONG,2024-01-02 00:00:00+00:00,2024-01-02 11:00:00+00:00,0.6300293999999999,0.630493875,1337.0958786232425,-1.0643928676874665,0.07372275008121765,STOP
SOLUSDT,LONG,2024-01-01 16:00:00+00:00,2024-01-02 14:00:00+00:00,106.08597999999999,112.30758,2.7593818984547456,16.56513918322298,5.8646769346901495,STOP
XRPUSDT,LONG,2024-01-03 14:00:00+00:00,2024-01-03 20:00:00+00:00,0.5689683999999999,0.5814791958857142,962.8529032309369,10.938344332576008,2.198856014800521,TP1_HALF
XRPUSDT,LONG,2024-01-03 14:00:00+00:00,2024-01-04 01:00:00+00:00,0.5689683999999999,0.5763302357142857,962.8529032309369,5.985610774145278,1.2938918425497326,STOP
BTCUSDT,LONG,2024-01-03 13:00:00+00:00,2024-01-04 15:00:00+00:00,42832.16937999999,43904.94798311999,0.018062054367373077,17.809934924226113,2.5046095461625617,TP1_HALF
SOLUSDT,LONG,2024-01-03 13:00:00+00:00,2024-01-04 19:00:00+00:00,100.41031,105.98493326142857,2.219174363915887,11.913033997571508,5.551843492394926,TP1_HALF
BTCUSDT,LONG,2024-01-03 13:00:00+00:00,2024-01-05 01:00:00+00:00,42832.16937999999,43569.2396475,0.018062054367373077,11.752416296886992,1.7208333786711494,STOP
SOLUSDT,LONG,2024-01-03 13:00:00+00:00,2024-01-05 01:00:00+00:00,100.41031,102.36681642857143,2.219174363915887,3.8918311085635304,1.9485114910724022,STOP
BTCUSDT,LONG,2024-01-05 18:00:00+00:00,2024-01-08 17:00:00+00:00,43653.13952999999,45314.260267255704,0.01189288530422246,18.69743932304396,3.805272095295975,TP1_HALF
BTCUSDT,LONG,2024-01-05 18:00:00+00:00,2024-01-09 12:00:00+00:00,43653.13952999999,45496.96713321428,0.01189288530422246,20.86817821238214,4.223814422207006,STOP
ETHUSDT,LONG,2024-01-09 22:00:00+00:00,2024-01-10 00:00:00+00:00,2319.9776599999996,2385.1725998399997,0.3014701497647976,18.235865923971986,2.8101537770842233,TP1_HALF
ETHUSDT,LONG,2024-01-09 22:00:00+00:00,2024-01-10 12:00:00+00:00,2319.9776599999996,2361.0540825,0.3014701497647976,10.972123902411933,1.7705525017857493,STOP
SOLUSDT,LONG,2024-01-09 23:00:00+00:00,2024-01-10 12:00:00+00:00,99.62952999999999,92.96004832714284,3.872562853680782,-26.573802226647082,-6.694281979305883,STOP
SOLUSDT,LONG,2024-01-10 16:00:00+00:00,2024-01-10 21:00:00+00:00,94.87477999999999,101.29195807714284,1.9539724879705305,12.155685003887102,6.763839744495703,TP1_HALF
SOLUSDT,LONG,2024-01-10 16:00:00+00:00,2024-01-11 05:00:00+00:00,94.87477999999999,98.90242714285715,1.9539724879705305,7.491276376843099,4.245224223821298,STOP
BTCUSDT,LONG,2024-01-10 18:00:00+00:00,2024-01-11 14:00:00+00:00,46448.29188999999,48049.432574181425,0.012356841234427244,18.61734785019362,3.4471465344157126,TP1_HALF
BTCUSDT,LONG,2024-01-10 18:00:00+00:00,2024-01-11 15:00:00+00:00,46448.29188999999,47272.92154392857,0.012356841234427244,9.031719556095169,1.775371322332986,STOP
SOLUSDT,LONG,2024-01-11 14:00:00+00:00,2024-01-11 16:00:00+00:00,105.81570999999998,98.36617393285712,3.4783880807215954,-26.62260129422668,-7.0401040328915805,STOP
ETHUSDT,LONG,2024-01-11 15:00:00+00:00,2024-01-11 16:00:00+00:00,2684.54186,2568.397320282857,0.36054104087286504,-43.76877340101952,-4.326419395715542,STOP
SOLUSDT,LONG,2024-01-12 18:00:00+00:00,2024-01-12 22:00:00+00:00,95.54544999999999,88.62102597857141,3.718189356296683,-26.431085525731007,-7.247256694514059,STOP
SOLUSDT,LONG,2024-01-17 01:00:00+00:00,2024-01-18 00:00:00+00:00,98.65856,103.01151679714285,2.844478908425045,11.808247518848349,4.412143048857442,TP1_HALF
SOLUSDT,LONG,2024-01-17 01:00:00+00:00,2024-01-18 10:00:00+00:00,98.65856,99.03479464285715,2.844478908425045,0.5078569286086104,0.3813502273468883,STOP
ETHUSDT,LONG,2024-01-14 14:00:00+00:00,2024-01-18 18:00:00+00:00,2536.34381,2453.2802169042857,0.5031847422235587,-44.30703535979981,-3.274934288018083,STOP
ETHUSDT,LONG,2024-01-19 18:00:00+00:00,2024-01-22 04:00:00+00:00,2473.8413699999996,2417.8550232728567,0.7548188436385195,-45.951894111128205,-2.2631340637311315,STOP
ETHUSDT,LONG,2024-01-22 11:00:00+00:00,2024-01-22 15:00:00+00:00,2383.7313499999996,2353.614665078571,1.4498500327939972,-50.53311789629808,-1.2634261374054878,STOP
BTCUSDT,LONG,2024-01-28 09:00:00+00:00,2024-01-28 19:00:00+00:00,42533.59109999999,41784.24931032856,0.056601908957418526,-47.18672648336296,-1.7617646906645246,STOP
SOLUSDT,LONG,2024-01-28 13:00:00+00:00,2024-01-28 19:00:00+00:00,98.02793,94.46836707,7.2234379592249,-27.102767046077467,-3.6311721873551694,STOP
SOLUSDT,LONG,2024-01-28 21:00:00+00:00,2024-01-29 03:00:00+00:00,95.44534999999999,98.67871536428571,3.7278546959107177,11.329849948190049,3.387661488260796,TP1_HALF
SOLUSDT,LONG,2024-01-28 21:00:00+00:00,2024-01-29 14:00:00+00:00,95.44534999999999,95.56219928571429,3.7278546959107177,-0.27645123109529973,0.12242533105519815,STOP
BTCUSDT,LONG,2024-01-29 16:00:00+00:00,2024-01-30 01:00:00+00:00,42684.391749999995,43299.73724110714,0.030206836274985056,15.990331995742258,1.4416171014247858,TP1_HALF
SOLUSDT,LONG,2024-01-29 16:00:00+00:00,2024-01-30 08:00:00+00:00,100.01991999999998,103.81600007999998,3.188605422010704,11.454249205507185,3.795324051448956,TP1_HALF
BTCUSDT,LONG,2024-01-29 16:00:00+00:00,2024-01-30 13:00:00+00:00,42684.391749999995,43180.44775714286,0.030206836274985056,12.390577442217136,1.1621484734940957,STOP
SOLUSDT,LONG,2024-01-29 16:00:00+00:00,2024-01-30 23:00:00+00:00,100.01991999999998,102.48741,3.188605422010704,7.22213602232232,2.466998573884105,STOP
BTCUSDT,LONG,2024-01-30 15:00:00+00:00,2024-01-30 23:00:00+00:00,43517.46399,42706.34953422428,0.05199757632206611,-46.659415144634266,-1.863882637926928,STOP
BTCUSDT,LONG,2024-01-31 14:00:00+00:00,2024-01-31 17:00:00+00:00,42846.72392,43628.40006215142,0.024108240919391018,16.760073633430753,1.8243545145036233,TP1_HALF
BTCUSDT,LONG,2024-01-31 14:00:00+00:00,2024-01-31 20:00:00+00:00,42846.72392,42876.84202392858,0.024108240919391018,-1.340549874700064,0.07029266457994066,STOP
SOLUSDT,LONG,2024-02-01 17:00:00+00:00,2024-02-02 10:00:00+00:00,96.45635999999999,101.55327649714285,2.39591454519349,11.737362202969242,5.2841684023146485,TP1_HALF
SOLUSDT,LONG,2024-02-01 17:00:00+00:00,2024-02-03 15:00:00+00:00,96.45635999999999,97.27405714285713,2.39591454519349,1.4949709538556117,0.8477379229914428,STOP
XRPUSDT,SHORT,2024-02-03 14:00:00+00:00,2024-02-04 19:00:00+00:00,0.5183811,0.5074880810999999,1093.8600528680008,10.79328091317261,2.1013534058244354,TP1_HALF
SOLUSDT,LONG,2024-02-03 16:00:00+00:00,2024-02-05 01:00:00+00:00,98.09799999999998,94.20655628571427,6.569083010888882,-26.82648138495762,-3.9668940389056995,STOP
XRPUSDT,SHORT,2024-02-03 14:00:00+00:00,2024-02-05 14:00:00+00:00,0.5183811,0.5088083,1093.8600528680008,9.347702062705402,1.8466722648646017,STOP
BTCUSDT,LONG,2024-02-01 17:00:00+00:00,2024-02-07 17:00:00+00:00,42700.80815,43645.57923863571,0.02016118552038836,17.306859657126342,2.2125367869313184,TP1_HALF
SOLUSDT,LONG,2024-02-07 10:00:00+00:00,2024-02-07 21:00:00+00:00,95.86576999999998,98.75513030142857,4.170891124830101,11.239464651891225,3.0139645270971904,TP1_HALF
XRPUSDT,SHORT,2024-02-05 21:00:00+00:00,2024-02-08 02:00:00+00:00,0.5073921,0.5184099921,2374.0031320716544,-28.591767733758683,-2.171474900772008,STOP
SOLUSDT,LONG,2024-02-07 10:00:00+00:00,2024-02-08 18:00:00+00:00,95.86576999999998,101.88979392857142,4.170891124830101,24.30073101296732,6.283811133600081,STOP
XRPUSDT,SHORT,2024-02-08 02:00:00+00:00,2024-02-09 08:00:00+00:00,0.511488,0.521265888,2692.722761532944,-29.110061478598812,-1.911655405405388,STOP
BTCUSDT,LONG,2024-02-01 17:00:00+00:00,2024-02-09 14:00:00+00:00,42700.80815,46663.82910321428,0.02016118552038836,78.09750362831522,9.280903863207769,STOP
SOLUSDT,LONG,2024-02-09 14:00:00+00:00,2024-02-10 02:00:00+00:00,106.03593,109.25335299857143,3.7739340413887574,11.329854626001348,3.034276210499054,TP1_HALF
SOLUSDT,LONG,2024-02-09 14:00:00+00:00,2024-02-10 10:00:00+00:00,106.03593,107.42568107142857,3.7739340413887574,4.439238836968655,1.3106416583780423,STOP
SOLUSDT,LONG,2024-02-10 21:00:00+00:00,2024-02-12 02:00:00+00:00,109.40929999999999,105.33314712857143,6.333762803140273,-27.177513160845898,-3.725599991434514,STOP
ETHUSDT,LONG,2024-02-11 04:00:00+00:00,2024-02-12 06:00:00+00:00,2531.54902,2483.27575848,0.8788271888967024,-46.83101908337787,-1.906866552400388,STOP
BTCUSDT,LONG,2024-02-12 07:00:00+00:00,2024-02-12 15:00:00+00:00,48197.57943,48965.137421284286,0.02445789152374919,16.396454900116463,1.5925239407490466,TP1_HALF
SOLUSDT,LONG,2024-02-12 08:00:00+00:00,2024-02-12 17:00:00+00:00,106.03593,109.17093549857141,3.8474634037650803,11.233818387111077,2.956550198193586,TP1_HALF
BTCUSDT,LONG,2024-02-12 07:00:00+00:00,2024-02-12 19:00:00+00:00,48197.57943,49468.729609285714,0.02445789152374919,28.700941203356564,2.6373734828984086,STOP
SOLUSDT,LONG,2024-02-12 08:00:00+00:00,2024-02-13 13:00:00+00:00,106.03593,111.79380857142858,3.8474634037650803,21.31513513948938,5.430120310566977,STOP
BTCUSDT,LONG,2024-02-12 21:00:00+00:00,2024-02-13 14:00:00+00:00,50213.12295999999,49087.69006168285,0.037321134683021895,-45.70845179171359,-2.2413122944248465,STOP
ETHUSDT,LONG,2024-02-14 14:00:00+00:00,2024-02-15 14:00:00+00:00,2767.6849199999997,2845.7869986514283,0.2475025558919359,17.941115439407756,2.8219281063044166,TP1_HALF
SOLUSDT,LONG,2024-02-14 14:00:00+00:00,2024-02-15 15:00:00+00:00,118.10798999999999,113.33703950999998,5.377216502144958,-26.898963737765197,-4.039481571060522,STOP
ETHUSDT,LONG,2024-02-14 14:00:00+00:00,2024-02-15 21:00:00+00:00,2767.6849199999997,2783.9125864285716,0.2475025558919359,2.642354345108931,0.5863263665349505,STOP
BTCUSDT,LONG,2024-02-16 14:00:00+00:00,2024-02-17 13:00:00+00:00,52516.46399999999,51262.86125314285,0.033307939832272045,-45.211600387254094,-2.387066171966834,STOP
SOLUSDT,LONG,2024-02-16 16:00:00+00:00,2024-02-17 14:00:00+00:00,109.77967,105.37347675857143,5.819637265138662,-26.89455965580784,-4.013669599688696,STOP
ETHUSDT,LONG,2024-02-17 16:00:00+00:00,2024-02-18 18:00:00+00:00,2757.0843299999997,2828.8562135271427,0.26645728881803027,17.63572692527902,2.6031805681889786,TP1_HALF
ETHUSDT,LONG,2024-02-17 16:00:00+00:00,2024-02-20 01:00:00+00:00,2757.0843299999997,2907.006512142857,0.26645728881803027,38.43861989805225,5.437707527170832,STOP
SOLUSDT,LONG,2024-02-19 14:00:00+00:00,2024-02-20 01:00:00+00:00,113.06294999999999,109.37168312142856,6.949723692788428,-27.19914412231372,-3.2647891095813675,STOP
BTCUSDT,LONG,2024-02-20 18:00:00+00:00,2024-02-20 22:00:00+00:00,51376.31498999999,52210.39697322428,0.022492848515602567,16.430919477839048,1.6234756879442092,TP1_HALF
BTCUSDT,LONG,2024-02-20 18:00:00+00:00,2024-02-21 07:00:00+00:00,51376.31498999999,51579.32440178572,0.022492848515602567,2.2504943458715614,0.3951420257082283,STOP
SOLUSDT,LONG,2024-02-20 16:00:00+00:00,2024-02-21 11:00:00+00:00,106.72662,102.19289623714286,5.623586012685797,-26.67066240747289,-4.247978398320063,STOP
SOLUSDT,LONG,2024-02-21 13:00:00+00:00,2024-02-23 16:00:00+00:00,103.82372,99.05313913714285,5.330392240467806,-26.510480449613045,-4.594885314123931,STOP
XRPUSDT,SHORT,2024-02-23 16:00:00+00:00,2024-02-24 10:00:00+00:00,0.5312682000000001,0.5458170432,1773.42405361315,-27.71139736120865,-2.7385119606255337,STOP
XRPUSDT,SHORT,2024-02-24 13:00:00+00:00,2024-02-26 11:00:00+00:00,0.5438556,0.5317546806,980.2371693616508,10.807417802537872,2.2250243263101543,TP1_HALF
BTCUSDT,LONG,2024-02-21 13:00:00+00:00,2024-02-26 15:00:00+00:00,51362.01069999999,52358.95326394285,0.018983525715059093,16.956495212445983,1.9410115576780962,TP1_HALF
XRPUSDT,SHORT,2024-02-24 13:00:00+00:00,2024-02-26 15:00:00+00:00,0.5438556,0.541973575,980.2371693616508,0.7804607417555736,0.34605233447996264,STOP
BTCUSDT,LONG,2024-02-21 13:00:00+00:00,2024-02-27 03:00:00+00:00,51362.01069999999,55968.46158535714,0.018983525715059093,85.40916805669559,8.968595315052852,STOP
SOLUSDT,LONG,2024-02-27 03:00:00+00:00,2024-02-27 15:00:00+00:00,111.28116999999999,107.68908740142857,7.1893862395794885,-27.39913096104133,-3.2279338890590648,STOP
BTCUSDT,LONG,2024-02-27 17:00:00+00:00,2024-02-28 08:00:00+00:00,57097.05001,58334.70191499,0.01542006824864659,17.304711350269102,2.1676284585162353,TP1_HALF
BTCUSDT,LONG,2024-02-27 17:00:00+00:00,2024-02-28 17:00:00+00:00,57097.05001,61120.773045,0.01542006824864659,60.223156913636906,7.047164493253666,STOP
SOLUSDT,LONG,2024-02-28 14:00:00+00:00,2024-02-28 17:00:00+00:00,113.08296999999999,107.98630417285713,5.0163939874041965,-26.675854388848396,-4.507014475427074,STOP
BTCUSDT,LONG,2024-02-28 17:00:00+00:00,2024-02-28 18:00:00+00:00,62474.422009999995,60499.33711298999,0.020983592672926436,-44.024808244202205,-3.161429643468905,STOP
SOLUSDT,LONG,2024-02-28 19:00:00+00:00,2024-02-28 23:00:00+00:00,113.25313999999999,118.28616400285712,2.426360533694746,11.650132976439217,4.444048088076968,TP1_HALF
SOLUSDT,LONG,2024-02-28 19:00:00+00:00,2024-02-29 12:00:00+00:00,113.25313999999999,127.66078285714286,2.426360533694746,34.373591977702326,12.721627724531848,STOP
SOLUSDT,LONG,2024-02-29 17:00:00+00:00,2024-02-29 22:00:00+00:00,130.81068,122.97222753428571,3.2550023029535233,-26.340244775966056,-5.992211389554958,STOP
BTCUSDT,LONG,2024-03-01 09:00:00+00:00,2024-03-04 08:00:00+00:00,61970.52862,64713.449321022854,0.007136849154667268,18.671686845536048,4.426169603687424,TP1_HALF
BTCUSDT,LONG,2024-03-01 09:00:00+00:00,2024-03-05 05:00:00+00:00,61970.52862,65813.22197035713,0.007136849154667268,26.512749436760846,6.200840037883704,STOP
XRPUSDT,LONG,2024-03-05 01:00:00+00:00,2024-03-05 05:00:00+00:00,0.6549542999999999,0.6239333135571428,825.5684977698512,-26.665758502909306,-4.736358925020745,STOP
BTCUSDT,LONG,2024-03-05 06:00:00+00:00,2024-03-05 14:00:00+00:00,67028.05109,68626.69462855285,0.012040240131437653,17.614736375327155,2.3850365817832397,TP1_HALF
SOLUSDT,LONG,2024-03-01 18:00:00+00:00,2024-03-05 15:00:00+00:00,132.09196,142.50181554,1.186811402803553,12.028644232459982,7.880763931430801,TP1_HALF
BTCUSDT,LONG,2024-03-05 06:00:00+00:00,2024-03-05 15:00:00+00:00,67028.05109,67054.53941035713,0.012040240131437653,-1.2954608492911415,0.039518261274773536,STOP
SOLUSDT,LONG,2024-03-01 18:00:00+00:00,2024-03-05 16:00:00+00:00,132.09196,132.03533249999998,1.186811402803553,-0.3806754452429101,-0.042869755282626265,STOP
XRPUSDT,LONG,2024-03-05 06:00:00+00:00,2024-03-05 16:00:00+00:00,0.643643,0.6114131177142856,793.6638854820844,-26.57578631839342,-5.0074159566272485,STOP
ETHUSDT,LONG,2024-03-05 18:00:00+00:00,2024-03-05 19:00:00+00:00,3690.1965099999998,3576.4960767042858,0.36465453831460065,-44.11121143989742,-3.0811484696709024,STOP
SOLUSDT,LONG,2024-03-05 18:00:00+00:00,2024-03-05 19:00:00+00:00,135.15502,128.17921248000002,3.6651960563132,-26.532873802281884,-5.161338084223576,STOP
XRPUSDT,LONG,2024-03-05 18:00:00+00:00,2024-03-05 19:00:00+00:00,0.6261254999999999,0.5944804244999998,808.2908211144801,-26.565028625096073,-5.054110637563891,STOP
SOLUSDT,LONG,2024-03-05 22:00:00+00:00,2024-03-06 06:00:00+00:00,121.22109999999998,131.07025568571427,1.2451662227701203,11.949691308258988,8.124951584925633,TP1_HALF
SOLUSDT,LONG,2024-03-05 22:00:00+00:00,2024-03-08 16:00:00+00:00,121.22109999999998,142.5169832142857,1.2451662227701203,26.188516709609182,17.567802316829084,STOP
SOLUSDT,LONG,2024-03-10 08:00:00+00:00,2024-03-10 14:00:00+00:00,148.41827,141.66467780142858,3.773527124007305,-26.57949921753409,-4.550377927576854,STOP
XRPUSDT,LONG,2024-03-07 04:00:00+00:00,2024-03-11 00:00:00+00:00,0.6281274999999998,0.5846850867857142,580.6332335814992,-25.928308153188063,-6.916177561766624,STOP
SOLUSDT,LONG,2024-03-10 17:00:00+00:00,2024-03-11 00:00:00+00:00,144.21406999999996,137.3458723585714,3.6969781997359927,-26.432497920658133,-4.762501773529149,STOP
SOLUSDT,LONG,2024-03-11 00:00:00+00:00,2024-03-11 01:00:00+00:00,144.53438999999997,138.42582560999998,4.146130982873142,-26.500098195115655,-4.226374352844331,STOP
XRPUSDT,LONG,2024-03-11 07:00:00+00:00,2024-03-11 09:00:00+00:00,0.6107100999999999,0.6261761541857142,766.9909545310883,10.913643093986206,2.5324706740095237,TP1_HALF
XRPUSDT,LONG,2024-03-11 07:00:00+00:00,2024-03-11 16:00:00+00:00,0.6107100999999999,0.6786278357142858,766.9909545310883,51.10337841106363,11.1211089704077,STOP
SOLUSDT,LONG,2024-03-12 13:00:00+00:00,2024-03-12 17:00:00+00:00,151.49133999999998,144.36754223142856,3.5592745866787965,-26.4085953590849,-4.70244554478918,STOP
SOLUSDT,LONG,2024-03-12 18:00:00+00:00,2024-03-13 14:00:00+00:00,147.67753,154.80721068428568,1.7005070305771322,11.609694701221864,4.827871027017916,TP1_HALF
SOLUSDT,LONG,2024-03-12 18:00:00+00:00,2024-03-14 13:00:00+00:00,147.67753,166.6185717857143,1.7005070305771322,31.674911992292817,12.825947038601138,STOP
XRPUSDT,LONG,2024-03-12 18:00:00+00:00,2024-03-14 19:00:00+00:00,0.6880873999999999,0.6431293411714284,559.0786895983505,-25.87934752798882,-6.533771557010271,STOP
SOLUSDT,LONG,2024-03-14 17:00:00+00:00,2024-03-14 19:00:00+00:00,169.63947,160.47883052999998,2.7648204782626187,-26.24024143819144,-5.400063717482739,STOP
ETHUSDT,LONG,2024-03-07 18:00:00+00:00,2024-03-15 03:00:00+00:00,3862.4585999999995,3624.961795328571,0.17024481255109758,-41.70729347446595,-6.14885049308822,STOP
XRPUSDT,LONG,2024-03-15 04:00:00+00:00,2024-03-15 09:00:00+00:00,0.6375369,0.6039216595285714,746.6914191835264,-26.027198067478466,-5.272673702718789,STOP
BTCUSDT,LONG,2024-03-15 10:00:00+00:00,2024-03-15 18:00:00+00:00,67867.10930999999,70417.82813640428,0.007503031317485792,18.100567020215077,3.7584020482635427,TP1_HALF
BTCUSDT,LONG,2024-03-15 10:00:00+00:00,2024-03-15 20:00:00+00:00,67867.10930999999,67960.76406428571,0.007503031317485792,-0.3164262332774933,0.13799726441556803,STOP
BTCUSDT,LONG,2024-03-16 15:00:00+00:00,2024-03-16 23:00:00+00:00,68262.3942,64880.48698187142,0.011879888184967827,-41.75840214436815,-4.954275714707612,STOP
SOLUSDT,LONG,2024-03-17 09:00:00+00:00,2024-03-17 22:00:00+00:00,186.87668999999997,203.28570080999995,0.7381132716237682,11.823724614333546,8.780662162841168,TP1_HALF
XRPUSDT,LONG,2024-03-15 12:00:00+00:00,2024-03-18 23:00:00+00:00,0.6227221,0.6584701136142856,337.62260883196535,11.636778159440098,5.740604615491507,TP1_HALF
XRPUSDT,LONG,2024-03-15 12:00:00+00:00,2024-03-19 00:00:00+00:00,0.6227221,0.6315606642857142,337.62260883196535,2.5606249133807792,1.4193432810099882,STOP
SOLUSDT,LONG,2024-03-17 09:00:00+00:00,2024-03-19 00:00:00+00:00,186.87668999999997,193.37393250000002,0.7381132716237682,4.515032887197582,3.476753842333169,STOP
BTCUSDT,LONG,2024-03-18 09:00:00+00:00,2024-03-19 01:00:00+00:00,68103.49546,65756.84457846858,0.017224180309554655,-42.72477254019361,-3.4457128311566887,STOP
SOLUSDT,LONG,2024-03-19 08:00:00+00:00,2024-03-19 09:00:00+00:00,186.32613999999995,170.58110243142852,1.5726783474453823,-25.32317995602473,-8.450256935806987,STOP
SOLUSDT,LONG,2024-03-19 16:00:00+00:00,2024-03-19 22:00:00+00:00,183.16297999999998,166.38607023428568,1.4707711435572906,-25.189101417819533,-9.159552746801946,STOP
BTCUSDT,LONG,2024-03-19 08:00:00+00:00,2024-03-19 23:00:00+00:00,64768.92421999999,62182.69142649428,0.015526757373554995,-42.12695603061846,-3.993014898195746,STOP
XRPUSDT,LONG,2024-03-19 08:00:00+00:00,2024-03-21 15:00:00+00:00,0.6000995,0.6345750040714286,348.8015327809893,11.594452304005822,5.744964638602212,TP1_HALF
XRPUSDT,LONG,2024-03-19 08:00:00+00:00,2024-03-22 01:00:00+00:00,0.6000995,0.6188697964285713,348.8015327809893,6.121929806031952,3.1278640339762465,STOP
BTCUSDT,LONG,2024-03-21 16:00:00+00:00,2024-03-22 13:00:00+00:00,66624.32777,63566.73383437286,0.0129811759575651,-41.38119796394845,-4.589305495407836,STOP
XRPUSDT,LONG,2024-03-22 08:00:00+00:00,2024-03-22 13:00:00+00:00,0.6357350999999999,0.6058358006142857,829.7597828375672,-25.839441766156796,-4.70310659042017,STOP
SOLUSDT,LONG,2024-03-21 21:00:00+00:00,2024-03-25 14:00:00+00:00,179.71953999999997,194.12343653142855,0.8319760719228734,11.672668845470882,8.014652458730186,TP1_HALF
XRPUSDT,LONG,2024-03-22 16:00:00+00:00,2024-03-25 14:00:00+00:00,0.6113107,0.6404767250142857,404.90266540993633,11.302549202782219,4.771064045547657,TP1_HALF
XRPUSDT,LONG,2024-03-22 16:00:00+00:00,2024-03-26 14:00:00+00:00,0.6113107,0.6324597642857144,404.90266540993633,8.059706524064408,3.4596260601547524,STOP
XRPUSDT,LONG,2024-03-26 16:00:00+00:00,2024-03-27 08:00:00+00:00,0.6349343,0.6165849549857142,1365.6313672151596,-26.767555070643965,-2.8899596405936423,STOP
SOLUSDT,LONG,2024-03-21 21:00:00+00:00,2024-03-27 14:00:00+00:00,179.71953999999997,181.7898139285714,0.8319760719228734,1.4216512386523203,1.1519470440283897,STOP
BTCUSDT,LONG,2024-03-25 20:00:00+00:00,2024-03-27 14:00:00+00:00,71031.85088999999,69071.09922196713,0.020465447278983376,-42.99492942845161,-2.760383748227646,STOP
XRPUSDT,LONG,2024-03-27 10:00:00+00:00,2024-03-29 14:00:00+00:00,0.6210203999999999,0.6385526367428571,664.4676149443594,10.812658041593437,2.8231337880135987,TP1_HALF
XRPUSDT,LONG,2024-03-27 10:00:00+00:00,2024-03-29 15:00:00+00:00,0.6210203999999999,0.6267012428571428,664.4676149443594,2.9456654800156836,0.9147594599376863,STOP
SOLUSDT,LONG,2024-03-28 14:00:00+00:00,2024-03-30 04:00:00+00:00,186.20602,194.3268557657143,1.4458019058843254,11.190944670409623,4.361210107876379,TP1_HALF
ETHUSDT,LONG,2024-03-27 17:00:00+00:00,2024-03-31 18:00:00+00:00,3527.67415,3642.0259783499996,0.1630184938528591,17.47266911063737,3.241564370394001,TP1_HALF
ETHUSDT,LONG,2024-03-27 17:00:00+00:00,2024-04-01 05:00:00+00:00,3527.67415,3533.7851775000004,0.1630184938528591,-0.15493796502878165,0.17323106500639618,STOP
SOLUSDT,LONG,2024-03-28 14:00:00+00:00,2024-04-01 05:00:00+00:00,186.20602,195.9484982142857,1.4458019058843254,13.53317383947428,5.232096263206598,STOP
XRPUSDT,LONG,2024-04-01 02:00:00+00:00,2024-04-01 05:00:00+00:00,0.6309302999999999,0.6188893625571428,2114.51423109844,-28.103495041471273,-1.9084417792040065,STOP
XRPUSDT,LONG,2024-04-01 17:00:00+00:00,2024-04-02 02:00:00+00:00,0.6048041999999999,0.5897281672285712,1664.6718021784718,-27.08515099183075,-2.4927129757744138,STOP
BTCUSDT,LONG,2024-04-02 06:00:00+00:00,2024-04-02 11:00:00+00:00,66831.41464999999,65153.76316784999,0.02386084103699263,-43.1794526782072,-2.510273785069428,STOP
SOLUSDT,LONG,2024-04-02 06:00:00+00:00,2024-04-02 13:00:00+00:00,184.69450999999998,176.8417769185714,3.1327699720554683,-25.733416419532958,-4.251741473760406,STOP
SOLUSDT,LONG,2024-04-02 15:00:00+00:00,2024-04-03 03:00:00+00:00,180.62043999999997,188.59272991714283,1.4626734531471701,11.120818520407592,4.413835951868372,TP1_HALF
SOLUSDT,LONG,2024-04-02 15:00:00+00:00,2024-04-03 20:00:00+00:00,180.62043999999997,183.65508964285715,1.4626734531471701,3.9058853253699986,1.6801252631524877,STOP
BTCUSDT,LONG,2024-04-02 15:00:00+00:00,2024-04-04 14:00:00+00:00,65768.01230999999,67491.8257819757,0.010661751387121604,16.958087412351183,2.6210514981819033,TP1_HALF
BTCUSDT,LONG,2024-04-02 15:00:00+00:00,2024-04-04 20:00:00+00:00,65768.01230999999,67451.0186057143,0.010661751387121604,16.523446520209813,2.5590043496850567,STOP
SOLUSDT,LONG,2024-04-04 05:00:00+00:00,2024-04-05 08:00:00+00:00,182.19200999999998,172.19571334714283,2.4340091279547886,-25.193660252260276,-5.486682238621309,STOP
SOLUSDT,LONG,2024-04-05 10:00:00+00:00,2024-04-07 01:00:00+00:00,172.60243,181.17892685571428,1.366330319680583,11.234945496197911,4.968931697957135,TP1_HALF
BTCUSDT,LONG,2024-04-07 17:00:00+00:00,2024-04-08 08:00:00+00:00,70144.074,71423.988516,0.014183905025521021,16.1461979823558,1.8246937239488004,TP1_HALF
BTCUSDT,LONG,2024-04-07 17:00:00+00:00,2024-04-08 14:00:00+00:00,70144.074,71375.13342,0.014183905025521021,15.453934896720776,1.7550440825550018,STOP
SOLUSDT,LONG,2024-04-05 10:00:00+00:00,2024-04-09 06:00:00+00:00,172.60243,175.74622071428573,1.366330319680583,3.8194972483681178,1.821405825100908,STOP
BTCUSDT,LONG,2024-04-08 15:00:00+00:00,2024-04-09 07:00:00+00:00,71797.726,70353.70258757143,0.02800157448581814,-44.41539295824405,-2.011238367672763,STOP
ETHUSDT,LONG,2024-04-09 09:00:00+00:00,2024-04-09 14:00:00+00:00,3632.39877,3533.01222123,0.3995885146557712,-42.57693933465139,-2.736113380249827,STOP
SOLUSDT,LONG,2024-04-09 09:00:00+00:00,2024-04-09 15:00:00+00:00,175.48530999999997,169.54167004714282,4.145851331544033,-26.07187817741821,-3.3869729340063603,STOP
BTCUSDT,LONG,2024-04-09 16:00:00+00:00,2024-04-10 12:00:00+00:00,69333.264,67525.42669457142,0.02185093447619021,-42.493424787396364,-2.607460259520711,STOP
SOLUSDT,LONG,2024-04-09 16:00:00+00:00,2024-04-10 12:00:00+00:00,172.64246999999997,166.36665110142852,3.8901810332332327,-25.73287850023121,-3.6351535624875253,STOP
XRPUSDT,LONG,2024-04-10 14:00:00+00:00,2024-04-12 17:00:00+00:00,0.6041035,0.5810754143571429,1051.1989281061988,-25.452957748495404,-3.8119437551441204,STOP
BTCUSDT,LONG,2024-04-10 17:00:00+00:00,2024-04-12 17:00:00+00:00,69569.49999999999,67735.93483285714,0.02138061123982117,-42.13841814483491,-2.6355876744016404,STOP
ETHUSDT,LONG,2024-04-12 21:00:00+00:00,2024-04-13 19:00:00+00:00,3229.50628,3096.7860369342857,0.28917288895966436,-40.20848833643271,-4.10961402638036,STOP
XRPUSDT,SHORT,2024-04-22 02:00:00+00:00,2024-04-22 04:00:00+00:00,0.5235759,0.5386640259,1603.1726456029908,-25.891824708564187,-2.88174568386359,STOP
XRPUSDT,SHORT,2024-04-22 08:00:00+00:00,2024-04-22 16:00:00+00:00,0.5315679,0.5464173429,1626.2674359277335,-25.90225772687722,-2.7935176108263793,STOP
BTCUSDT,LONG,2024-04-23 13:00:00+00:00,2024-04-24 14:00:00+00:00,66201.04491,64968.88135187571,0.031799965913845644,-43.35395833268442,-1.861244878837498,STOP
XRPUSDT,SHORT,2024-04-24 09:00:00+00:00,2024-04-24 14:00:00+00:00,0.5464530000000001,0.531555453,751.7441551483555,10.388757329554739,2.726226592222958,TP1_HALF
XRPUSDT,SHORT,2024-04-24 09:00:00+00:00,2024-04-25 17:00:00+00:00,0.5464530000000001,0.5296577,751.7441551483555,11.816808679945622,3.073512269124712,STOP
XRPUSDT,SHORT,2024-04-26 15:00:00+00:00,2024-04-29 04:00:00+00:00,0.5196798,0.5031467298,679.2731263999563,10.535691709081924,3.181395582433655,TP1_HALF
XRPUSDT,SHORT,2024-04-26 15:00:00+00:00,2024-04-29 17:00:00+00:00,0.5196798,0.5161513499999999,679.2731263999563,1.6931689991630503,0.678966163395256,STOP
XRPUSDT,SHORT,2024-04-30 02:00:00+00:00,2024-04-30 08:00:00+00:00,0.5110884000000001,0.5005098384,1045.9100303596563,10.00618293998093,2.069810545494699,TP1_HALF
XRPUSDT,SHORT,2024-04-30 02:00:00+00:00,2024-04-30 14:00:00+00:00,0.5110884000000001,0.49937745,1045.9100303596563,11.191743702189635,2.291374642821109,STOP
XRPUSDT,SHORT,2024-05-03 09:00:00+00:00,2024-05-03 20:00:00+00:00,0.5198796,0.5364977045999999,1444.2958865202927,-25.527181511190992,-3.196529465668574,STOP
XRPUSDT,SHORT,2024-05-08 05:00:00+00:00,2024-05-10 14:00:00+00:00,0.5206788,0.5025379788,621.2447653202123,10.634222141492652,3.4840714083231417,TP1_HALF
XRPUSDT,SHORT,2024-05-08 05:00:00+00:00,2024-05-13 08:00:00+00:00,0.5206788,0.5057480999999999,621.2447653202123,8.637956878957686,2.8675452121346368,STOP
BTCUSDT,LONG,2024-05-19 08:00:00+00:00,2024-05-19 19:00:00+00:00,67391.76444,66363.51413877428,0.03861300725674462,-44.868529885368766,-1.525780352792494,STOP
SOLUSDT,LONG,2024-05-19 16:00:00+00:00,2024-05-20 04:00:00+00:00,168.45828999999998,174.06654920999998,2.007067468117271,10.568684151359575,3.3291678373323252,TP1_HALF
BTCUSDT,LONG,2024-05-20 15:00:00+00:00,2024-05-20 16:00:00+00:00,67073.01600999999,67902.66680113284,0.02061090336601838,14.317881528397296,1.23693676009613,TP1_HALF
SOLUSDT,LONG,2024-05-19 16:00:00+00:00,2024-05-20 21:00:00+00:00,168.45828999999998,182.3549625,2.007067468117271,27.18745342335279,8.249325396808915,STOP
BTCUSDT,LONG,2024-05-20 15:00:00+00:00,2024-05-20 21:00:00+00:00,67073.01600999999,69454.09495285715,0.02061090336601838,46.26224090719298,3.549980431030808,STOP
BTCUSDT,LONG,2024-05-20 22:00:00+00:00,2024-05-20 23:00:00+00:00,69787.50778999999,70859.39104006713,0.016342406270101,15.218642785402743,1.5359242420471375,TP1_HALF
BTCUSDT,LONG,2024-05-20 22:00:00+00:00,2024-05-21 01:00:00+00:00,69787.50778999999,70765.35024214286,0.016342406270101,13.683326712685435,1.4011711882380595,STOP
SOLUSDT,LONG,2024-05-22 06:00:00+00:00,2024-05-23 10:00:00+00:00,181.68149999999997,173.9313231428571,3.091003000515469,-25.055020223310482,-4.265804089652969,STOP
ETHUSDT,LONG,2024-05-23 11:00:00+00:00,2024-05-23 18:00:00+00:00,3832.048219999999,3689.2688296371425,0.2686677307876256,-40.38094999628958,-3.7259288549050806,STOP
SOLUSDT,LONG,2024-05-23 21:00:00+00:00,2024-05-24 08:00:00+00:00,172.39221999999998,164.60423670857142,3.05042843093921,-24.784669224522805,-4.517595568656496,STOP
BTCUSDT,LONG,2024-05-23 19:00:00+00:00,2024-05-24 18:00:00+00:00,67460.45305999999,68939.77320658285,0.012015053991784685,16.135255349243266,2.192870162415206,TP1_HALF
BTCUSDT,LONG,2024-05-23 19:00:00+00:00,2024-05-27 19:00:00+00:00,67460.45305999999,69070.09184035714,0.012015053991784685,17.699474984756108,2.386047984180495,STOP
ETHUSDT,LONG,2024-05-28 20:00:00+00:00,2024-05-30 07:00:00+00:00,3844.6508099999996,3725.727781332857,0.32330546861451226,-40.8960103103478,-3.0932075380635915,STOP
ETHUSDT,LONG,2024-05-30 11:00:00+00:00,2024-05-31 12:00:00+00:00,3745.27153,3837.6443298985714,0.19269034361987017,16.33819189090082,2.466384590774151,TP1_HALF
ETHUSDT,LONG,2024-05-30 11:00:00+00:00,2024-05-31 15:00:00+00:00,3745.27153,3749.9719885714285,0.19269034361987017,-0.5385280718086117,0.12550381284179846,STOP
XRPUSDT,SHORT,2024-05-31 14:00:00+00:00,2024-06-02 18:00:00+00:00,0.5187807,0.5089176806999999,1119.1949131754054,9.88844622915293,1.9011924113599643,TP1_HALF
XRPUSDT,SHORT,2024-05-31 14:00:00+00:00,2024-06-03 02:00:00+00:00,0.5187807,0.5188898,1119.1949131754054,-1.2834597101795862,-0.021030080725825684,STOP
XRPUSDT,SHORT,2024-06-03 06:00:00+00:00,2024-06-03 08:00:00+00:00,0.5169825,0.5232802575,4023.45737577972,-29.524211728659157,-1.2181761471616426,STOP
SOLUSDT,LONG,2024-05-24 09:00:00+00:00,2024-06-05 02:00:00+00:00,165.53537,174.45930748714287,1.2744917211066442,10.940164045359126,5.390955109559292,TP1_HALF
ETHUSDT,LONG,2024-05-31 17:00:00+00:00,2024-06-05 18:00:00+00:00,3757.9141599999994,3846.265829768571,0.20141869226494621,16.264053794923658,2.3510827019149305,TP1_HALF
ETHUSDT,LONG,2024-05-31 17:00:00+00:00,2024-06-06 19:00:00+00:00,3757.9141599999994,3791.472946071428,0.20141869226494621,5.238779126199484,0.8930163021985793,STOP
SOLUSDT,LONG,2024-05-24 09:00:00+00:00,2024-06-07 17:00:00+00:00,165.53537,166.33492714285714,1.2744917211066442,0.5960630129333333,0.4830128708185777,STOP
ETHUSDT,LONG,2024-06-06 21:00:00+00:00,2024-06-07 17:00:00+00:00,3804.16036,3735.5792557114282,0.5735255573777706,-43.657249428270205,-1.8027921485563092,STOP
XRPUSDT,SHORT,2024-06-07 13:00:00+00:00,2024-06-07 17:00:00+00:00,0.5249745,0.5181421245,1581.1403611035676,9.153630868930172,1.3014680713063331,TP1_HALF
XRPUSDT,SHORT,2024-06-07 13:00:00+00:00,2024-06-07 19:00:00+00:00,0.5249745,0.4586081499999999,1581.1403611035676,103.37933237772975,12.641823555239373,STOP
ETHUSDT,LONG,2024-06-09 22:00:00+00:00,2024-06-10 07:00:00+00:00,3718.4347199999993,3654.1222970657136,0.6176989367281214,-44.27973589532645,-1.7295563261706448,STOP
BTCUSDT,LONG,2024-06-10 10:00:00+00:00,2024-06-10 15:00:00+00:00,69519.43999,69877.77976250999,0.043532894909261294,9.531203140356906,0.5154526166516016,TP1_HALF
BTCUSDT,LONG,2024-06-10 10:00:00+00:00,2024-06-10 16:00:00+00:00,69519.43999,69697.88484750001,0.043532894909261294,1.7076880569468065,0.2566833932000634,STOP
BTCUSDT,LONG,2024-06-10 17:00:00+00:00,2024-06-10 19:00:00+00:00,70042.14216999999,69460.29377497286,0.07287290975532137,-52.56693400735635,-0.8307118785929268,STOP
BTCUSDT,LONG,2024-06-11 06:00:00+00:00,2024-06-11 09:00:00+00:00,67971.47357,67174.92497428715,0.050902989239212486,-47.42606026689944,-1.1718866075376977,STOP
XRPUSDT,SHORT,2024-06-08 19:00:00+00:00,2024-06-11 15:00:00+00:00,0.49260689999999996,0.47716215689999997,735.3750527236651,10.644534800118342,3.1353079098161207,TP1_HALF
BTCUSDT,LONG,2024-06-11 13:00:00+00:00,2024-06-11 15:00:00+00:00,67087.00998999999,66112.81777893855,0.040675810069180446,-45.044068243586956,-1.4521324041817496,STOP
XRPUSDT,SHORT,2024-06-08 19:00:00+00:00,2024-06-12 12:00:00+00:00,0.49260689999999996,0.4871080499999999,735.3750527236651,3.3232591756591536,1.1162754723898605,STOP
XRPUSDT,SHORT,2024-06-12 12:00:00+00:00,2024-06-12 13:00:00+00:00,0.48111839999999995,0.4934291933999999,1946.7291903342737,-25.862961115396246,-2.5587866521006086,STOP
XRPUSDT,SHORT,2024-06-14 07:00:00+00:00,2024-06-14 16:00:00+00:00,0.47772180000000003,0.4662304218,959.3224041271438,10.11838204675993,2.405454011100183,TP1_HALF
XRPUSDT,SHORT,2024-06-14 07:00:00+00:00,2024-06-14 21:00:00+00:00,0.47772180000000003,0.4725291999999999,959.3224041271438,4.069780441826483,1.0869506059803191,STOP
XRPUSDT,SHORT,2024-06-16 23:00:00+00:00,2024-06-17 07:00:00+00:00,0.4888107,0.5007645356999999,2006.0974530019769,-25.965743711265535,-2.4454938690990025,STOP
XRPUSDT,SHORT,2024-06-17 07:00:00+00:00,2024-06-17 08:00:00+00:00,0.48571380000000003,0.4963239138,2265.317270896698,-26.259901031062412,-2.1844373785550264,STOP
ETHUSDT,LONG,2024-06-17 17:00:00+00:00,2024-06-18 00:00:00+00:00,3529.0355099999997,3458.587745918571,0.5457024167590278,-42.25667801266192,-1.996232791702024,STOP
XRPUSDT,SHORT,2024-06-20 07:00:00+00:00,2024-06-23 20:00:00+00:00,0.49320630000000004,0.4752417813,616.6392510022138,10.480444256295925,3.642394409803773,TP1_HALF
XRPUSDT,SHORT,2024-06-20 07:00:00+00:00,2024-06-24 13:00:00+00:00,0.49320630000000004,0.48242122499999995,616.6392510022138,6.048890343729612,2.1867269335367534,STOP
XRPUSDT,SHORT,2024-06-25 10:00:00+00:00,2024-07-02 10:00:00+00:00,0.4749246,0.4864891745999999,2056.411167011242,-25.758582371380296,-2.435033813788534,STOP
XRPUSDT,SHORT,2024-07-04 12:00:00+00:00,2024-07-04 13:00:00+00:00,0.45244710000000005,0.4405550721,921.0768074730548,10.130947502768167,2.628379737653319,TP1_HALF
XRPUSDT,SHORT,2024-07-04 12:00:00+00:00,2024-07-05 03:00:00+00:00,0.45244710000000005,0.404736475,921.0768074730548,43.15561824686484,10.545017306995685,STOP
XRPUSDT,SHORT,2024-07-09 10:00:00+00:00,2024-07-11 11:00:00+00:00,0.43226729999999997,0.4493662172999999,1372.4275050265242,-24.677002497189616,-3.955635159078641,STOP
XRPUSDT,SHORT,2024-07-11 11:00:00+00:00,2024-07-11 12:00:00+00:00,0.4450545,0.4546372545,2496.472271786237,-26.169136414848637,-2.153164275386499,STOP
XRPUSDT,SHORT,2024-07-11 14:00:00+00:00,2024-07-11 15:00:00+00:00,0.4491504,0.44026880039999994,1218.901289500999,9.741678994997132,1.9774221730627595,TP1_HALF
XRPUSDT,SHORT,2024-07-11 14:00:00+00:00,2024-07-11 17:00:00+00:00,0.4491504,0.44836934999999994,1218.901289500999,-0.14196512846278464,0.173894980389655,STOP
XRPUSDT,SHORT,2024-07-12 10:00:00+00:00,2024-07-12 11:00:00+00:00,0.4611384,0.47411561339999997,1819.3043504432426,-25.311012490598404,-2.8141688915952257,STOP
SOLUSDT,LONG,2024-07-21 15:00:00+00:00,2024-07-21 20:00:00+00:00,174.19402,179.30631990857142,2.14337140519619,10.199874918531934,2.9348308906192333,TP1_HALF
SOLUSDT,LONG,2024-07-21 15:00:00+00:00,2024-07-22 05:00:00+00:00,174.19402,179.69833607142857,2.14337140519619,11.039270916140831,3.1598765970431097,STOP
SOLUSDT,LONG,2024-07-22 16:00:00+00:00,2024-07-23 13:00:00+00:00,180.05987999999996,173.5251097628571,3.5744956623674478,-24.62239587942059,-3.6292205888079354,STOP
BTCUSDT,LONG,2024-07-25 05:00:00+00:00,2024-07-25 21:00:00+00:00,64284.219999999994,65664.11087357142,0.012548833046263532,15.685320285737536,2.146546809732519,TP1_HALF
BTCUSDT,LONG,2024-07-25 05:00:00+00:00,2024-07-27 19:00:00+00:00,64284.219999999994,67886.41491642858,0.012548833046263532,43.5447553751766,5.603544565724805,STOP
BTCUSDT,LONG,2024-07-27 21:00:00+00:00,2024-07-29 02:00:00+00:00,67859.01122,69225.55066020857,0.012716866650130143,15.6348137400537,2.0137921488101673,TP1_HALF
SOLUSDT,LONG,2024-07-27 21:00:00+00:00,2024-07-29 02:00:00+00:00,183.29310999999998,189.8873183185714,1.6821329753868441,10.464596154995563,3.59763022110946,TP1_HALF
BTCUSDT,LONG,2024-07-27 21:00:00+00:00,2024-07-29 14:00:00+00:00,67859.01122,68575.51155857144,0.012716866650130143,7.3766196277368286,1.0558661638150557,STOP
SOLUSDT,LONG,2024-07-27 21:00:00+00:00,2024-07-29 14:00:00+00:00,183.29310999999998,187.00851857142857,1.6821329753868441,5.626914694775495,2.027031224157083,STOP
SOLUSDT,LONG,2024-07-30 13:00:00+00:00,2024-07-31 19:00:00+00:00,181.59140999999997,175.17177716142854,3.670860021186219,-24.875201258587936,-3.5352073308816956,STOP
BTCUSDT,LONG,2024-07-30 01:00:00+00:00,2024-07-31 20:00:00+00:00,66676.60999999999,64884.63648535713,0.02123597563204249,-40.84813731470544,-2.6875594224764265,STOP
SOLUSDT,LONG,2024-07-31 23:00:00+00:00,2024-08-01 04:00:00+00:00,173.50333,166.0374834557143,3.1176306688393214,-24.33431500866538,-4.302998993901563,STOP
SOLUSDT,LONG,2024-08-01 06:00:00+00:00,2024-08-01 15:00:00+00:00,169.20904,161.95299631714286,3.199461966236032,-24.274976128506573,-4.288212782755063,STOP
XRPUSDT,LONG,2024-08-01 11:00:00+00:00,2024-08-01 16:00:00+00:00,0.6097090999999999,0.5810560337571428,808.5357892537701,-24.129805756447247,-4.699465079799059,STOP
XRPUSDT,LONG,2024-08-01 19:00:00+00:00,2024-08-02 15:00:00+00:00,0.5774769,0.5460303231,730.6065598954195,-23.79591711668249,-5.445512521799567,STOP
BTCUSDT,LONG,2024-08-02 13:00:00+00:00,2024-08-02 15:00:00+00:00,64910.84599999999,63020.72148042856,0.01977032478739868,-39.89762428020213,-2.9118778078650043,STOP
XRPUSDT,LONG,2024-08-09 00:00:00+00:00,2024-08-09 13:00:00+00:00,0.6172166,0.5723187084,505.73060005135187,-23.30782206520796,-7.2742521183001285,STOP
XRPUSDT,LONG,2024-08-10 19:00:00+00:00,2024-08-11 14:00:00+00:00,0.5944938999999999,0.5680609846714285,864.4444907196493,-23.85475219465594,-4.446288738803106,STOP
XRPUSDT,LONG,2024-08-11 23:00:00+00:00,2024-08-12 08:00:00+00:00,0.5526521,0.5713551729,578.4332661900517,10.168316347252757,3.3842399042725235,TP1_HALF
XRPUSDT,LONG,2024-08-11 23:00:00+00:00,2024-08-12 13:00:00+00:00,0.5526521,0.559664775,578.4332661900517,3.412963421934773,1.2689131191214287,STOP
ETHUSDT,SHORT,2024-08-14 13:00:00+00:00,2024-08-15 06:00:00+00:00,2729.29797,2630.6663654699996,0.17643795676867083,16.456657620385588,3.613808591591794,TP1_HALF
XRPUSDT,LONG,2024-08-14 03:00:00+00:00,2024-08-15 18:00:00+00:00,0.5803797999999999,0.5599121844857141,1121.8363062601093,-24.240535134431923,-3.5265899182372995,STOP
ETHUSDT,SHORT,2024-08-14 13:00:00+00:00,2024-08-16 06:00:00+00:00,2729.29797,2619.5866125,0.17643795676867083,18.413501484889498,4.019764741920073,STOP
ETHUSDT,SHORT,2024-08-18 04:00:00+00:00,2024-08-18 09:00:00+00:00,2603.9934,2662.6451708999994,0.6389259963258366,-40.83913345475727,-2.2523778631696745,STOP
ETHUSDT,SHORT,2024-08-18 11:00:00+00:00,2024-08-19 09:00:00+00:00,2641.6557000000003,2594.4196707,0.3573427895729676,15.008380699032239,1.7881220970620837,TP1_HALF
ETHUSDT,SHORT,2024-08-18 11:00:00+00:00,2024-08-19 17:00:00+00:00,2641.6557000000003,2616.0212649999994,0.3573427895729676,7.281487558680585,0.9703927351320196,STOP
ETHUSDT,SHORT,2024-08-20 02:00:00+00:00,2024-08-20 14:00:00+00:00,2648.9583900000002,2590.9907208900004,0.29477151977143023,15.54263015822005,2.1883193533289047,TP1_HALF
XRPUSDT,LONG,2024-08-20 09:00:00+00:00,2024-08-20 14:00:00+00:00,0.6107100999999999,0.593337597042857,1329.8364883430236,-24.703774887488656,-2.844639863847487,STOP
ETHUSDT,SHORT,2024-08-20 02:00:00+00:00,2024-08-21 14:00:00+00:00,2648.9583900000002,2599.3728474999994,0.29477151977143023,13.069347146274358,1.8718883122962438,STOP
ETHUSDT,SHORT,2024-08-23 10:00:00+00:00,2024-08-23 17:00:00+00:00,2664.18315,2728.5643456499997,0.5792853188683569,-40.41902090383039,-2.4165454109264184,STOP
XRPUSDT,LONG,2024-08-20 17:00:00+00:00,2024-08-24 13:00:00+00:00,0.5984978999999999,0.6171658306714285,577.885094530097,10.085404930823934,3.119130521832836,TP1_HALF
XRPUSDT,LONG,2024-08-20 17:00:00+00:00,2024-08-24 21:00:00+00:00,0.5984978999999999,0.6111025714285715,577.885094530097,6.585041657245751,2.106051070283055,STOP
XRPUSDT,LONG,2024-08-26 15:00:00+00:00,2024-08-26 17:00:00+00:00,0.5928923,0.5778388827000001,1538.0418361476407,-24.95341912226384,-2.538980064338836,STOP
XRPUSDT,LONG,2024-08-27 08:00:00+00:00,2024-08-27 21:00:00+00:00,0.5918913,0.5778022051285715,1643.1975068783554,-25.073203018343023,-2.3803517421912668,STOP
ETHUSDT,SHORT,2024-08-29 16:00:00+00:00,2024-08-30 14:00:00+00:00,2573.39403,2472.4851165299997,0.1713160647246567,16.422877792861616,3.9212383449106047,TP1_HALF
ETHUSDT,SHORT,2024-08-29 16:00:00+00:00,2024-08-30 18:00:00+00:00,2573.39403,2537.0534474999995,0.1713160647246567,5.350223832874454,1.412165493365991,STOP
ETHUSDT,SHORT,2024-09-01 05:00:00+00:00,2024-09-01 22:00:00+00:00,2483.9136000000003,2429.2493511,0.31097712789945786,15.471449818268162,2.200730689666519,TP1_HALF
ETHUSDT,SHORT,2024-09-01 05:00:00+00:00,2024-09-02 05:00:00+00:00,2483.9136000000003,2459.5481624999998,0.31097712789945786,6.039790232980876,0.9809293487503146,STOP
ETHUSDT,SHORT,2024-09-03 09:00:00+00:00,2024-09-03 23:00:00+00:00,2497.56993,2430.1705299299997,0.2548728069552099,15.92232723996906,2.698599116702227,TP1_HALF
ETHUSDT,SHORT,2024-09-03 09:00:00+00:00,2024-09-04 03:00:00+00:00,2497.56993,2378.85362,0.2548728069552099,29.01469140297393,4.753272714169821,STOP
ETHUSDT,SHORT,2024-09-05 15:00:00+00:00,2024-09-06 15:00:00+00:00,2374.83279,2300.8070127899996,0.23435416095352168,16.25249326407822,3.1170942864571227,TP1_HALF
ETHUSDT,SHORT,2024-09-05 15:00:00+00:00,2024-09-07 00:00:00+00:00,2374.83279,2229.10116,0.23435416095352168,33.073862795101334,6.136500667063793,STOP
ETHUSDT,SHORT,2024-09-08 10:00:00+00:00,2024-09-09 21:00:00+00:00,2292.8049,2373.2304024,0.46084553058513716,-39.214054840767695,-3.5077342341688134,STOP
ETHUSDT,SHORT,2024-09-10 13:00:00+00:00,2024-09-11 13:00:00+00:00,2347.4502,2289.9349902,0.29943617072690276,15.833533317527388,2.4501141621662614,TP1_HALF
ETHUSDT,SHORT,2024-09-10 13:00:00+00:00,2024-09-11 16:00:00+00:00,2347.4502,2339.8203399999998,0.29943617072690276,0.8811177199238829,0.3250275554301574,STOP
ETHUSDT,SHORT,2024-09-11 19:00:00+00:00,2024-09-13 15:00:00+00:00,2335.14252,2403.64233252,0.5428428317198126,-39.757047588885975,-2.933431768438699,STOP
ETHUSDT,SHORT,2024-09-13 18:00:00+00:00,2024-09-15 21:00:00+00:00,2408.09949,2352.40061199,0.30768963679156475,15.673210997267077,2.3129807651759426,TP1_HALF
ETHUSDT,SHORT,2024-09-13 18:00:00+00:00,2024-09-16 07:00:00+00:00,2408.09949,2312.7493674999996,0.30768963679156475,27.885688289744298,3.959559100276233,STOP
XRPUSDT,LONG,2024-09-16 04:00:00+00:00,2024-09-16 19:00:00+00:00,0.5690685,0.5820715600714286,823.1256650363929,9.755619541306501,2.284972735519286,TP1_HALF
ETHUSDT,SHORT,2024-09-17 14:00:00+00:00,2024-09-17 15:00:00+00:00,2304.30339,2365.27237089,0.6131679652964901,-40.24746022662448,-2.6458747209498146,STOP
XRPUSDT,LONG,2024-09-16 04:00:00+00:00,2024-09-18 00:00:00+00:00,0.5690685,0.5792344714285714,823.1256650363929,7.422674345863436,1.786423150916172,STOP
ETHUSDT,SHORT,2024-09-17 21:00:00+00:00,2024-09-19 04:00:00+00:00,2341.656,2415.6717584999997,0.49962467415203904,-39.35697755385339,-3.160829707694024,STOP
XRPUSDT,LONG,2024-09-19 17:00:00+00:00,2024-09-20 01:00:00+00:00,0.5926920999999999,0.5783560221857142,1619.4604726569107,-25.11317749862823,-2.418806968118137,STOP
XRPUSDT,LONG,2024-09-21 13:00:00+00:00,2024-09-21 16:00:00+00:00,0.5854848999999999,0.5956886150999999,1028.5354689856708,9.280004040467906,1.7427802322485197,TP1_HALF
XRPUSDT,LONG,2024-09-21 13:00:00+00:00,2024-09-21 18:00:00+00:00,0.5854848999999999,0.601398,1028.5354689856708,15.146436611333435,2.717935167926644,STOP
BTCUSDT,LONG,2024-09-23 02:00:00+00:00,2024-09-24 00:00:00+00:00,63890.6268,62967.88053141428,0.04146010801669235,-43.516727384360436,-1.4442592204866544,STOP
BTCUSDT,LONG,2024-09-24 14:00:00+00:00,2024-09-25 01:00:00+00:00,63583.36984999999,64723.004914435696,0.014724822121591328,14.891635061871522,1.7923476958271234,TP1_HALF
BTCUSDT,LONG,2024-09-24 14:00:00+00:00,2024-09-25 09:00:00+00:00,63583.36984999999,63549.95357571429,0.014724822121591328,-2.364064267993631,-0.05255505388364057,STOP
XRPUSDT,LONG,2024-09-24 08:00:00+00:00,2024-09-26 00:00:00+00:00,0.5874868999999999,0.5749007095285713,1845.7387201048311,-25.376282910407255,-2.142378063481687,STOP
BTCUSDT,LONG,2024-09-26 02:00:00+00:00,2024-09-26 10:00:00+00:00,63217.89473999999,64251.98236990284,0.016122679868240036,14.617107791143923,1.635751450053502,TP1_HALF
BTCUSDT,LONG,2024-09-26 02:00:00+00:00,2024-09-26 19:00:00+00:00,63217.89473999999,64675.855475357144,0.016122679868240036,21.44424420475639,2.306246896315356,STOP
XRPUSDT,LONG,2024-09-26 16:00:00+00:00,2024-09-27 03:00:00+00:00,0.5933927999999999,0.5826417179142857,2180.7015077923347,-26.00948116114783,-1.8117985398060643,STOP
XRPUSDT,LONG,2024-09-27 13:00:00+00:00,2024-09-28 07:00:00+00:00,0.5896890999999999,0.5992678037571426,1088.6423731255013,9.133433924391925,1.6243650691767586,TP1_HALF
XRPUSDT,LONG,2024-09-27 13:00:00+00:00,2024-09-28 08:00:00+00:00,0.5896890999999999,0.6013195071428572,1088.6423731255013,11.364771595923106,1.972294746987413,STOP
XRPUSDT,LONG,2024-09-28 08:00:00+00:00,2024-09-28 11:00:00+00:00,0.6086079999999999,0.6205546812857142,883.7184243648121,9.47126865420619,1.9629517334169622,TP1_HALF
XRPUSDT,LONG,2024-09-28 08:00:00+00:00,2024-09-28 21:00:00+00:00,0.6086079999999999,0.6127188107142857,883.7184243648121,2.5534901624916717,0.6754447385321605,STOP
BTCUSDT,LONG,2024-09-27 08:00:00+00:00,2024-09-30 02:00:00+00:00,65525.48001999999,64318.51283855142,0.031033716933994614,-41.486219577648136,-1.8419814415402636,STOP
XRPUSDT,LONG,2024-09-30 06:00:00+00:00,2024-09-30 10:00:00+00:00,0.6513506999999998,0.6261025421571427,899.1858497457031,-23.851454143502632,-3.8762770720684236,STOP
SOLUSDT,LONG,2024-09-28 10:00:00+00:00,2024-09-30 23:00:00+00:00,157.02686999999997,152.0264770585714,4.581665024441659,-24.326104359113124,-3.1844186548636966,STOP
BTCUSDT,LONG,2024-09-30 11:00:00+00:00,2024-09-30 23:00:00+00:00,63709.63598999999,62944.73967115284,0.05033189012701588,-44.8734315986564,-1.2005975343623132,STOP
XRPUSDT,LONG,2024-10-01 10:00:00+00:00,2024-10-01 15:00:00+00:00,0.6306299999999999,0.6034866235714285,825.4409305713866,-23.42394427224388,-4.304168280698894,STOP
SOLUSDT,LONG,2024-10-01 16:00:00+00:00,2024-10-01 17:00:00+00:00,149.75961,144.27197931857145,4.08893442556341,-23.640837895839045,-3.6642928500071226,STOP
XRPUSDT,LONG,2024-10-01 18:00:00+00:00,2024-10-01 19:00:00+00:00,0.5975969999999999,0.6250320565714286,388.2465449636196,10.17688441775263,4.590895966918951,TP1_HALF
BTCUSDT,LONG,2024-10-01 18:00:00+00:00,2024-10-01 20:00:00+00:00,62214.14198999999,61019.1496172957,0.03074516963739728,-40.529071669630476,-1.9207728893799847,STOP
SOLUSDT,LONG,2024-10-01 18:00:00+00:00,2024-10-01 20:00:00+00:00,147.81766999999996,142.3319812585714,4.077873275555332,-23.55313702546532,-3.7111183943222548,STOP
XRPUSDT,LONG,2024-10-01 18:00:00+00:00,2024-10-01 20:00:00+00:00,0.5975969999999999,0.5987399464285713,388.2465449636196,-0.020728684091873506,0.19125705593758813,STOP
ETHUSDT,SHORT,2024-10-02 13:00:00+00:00,2024-10-02 22:00:00+00:00,2432.89467,2355.36625467,0.21686277770571874,15.774631935082718,3.1866737301043946,TP1_HALF
ETHUSDT,SHORT,2024-10-02 13:00:00+00:00,2024-10-04 08:00:00+00:00,2432.89467,2392.2713099999996,0.21686277770571874,7.763295792025559,1.6697541616136014,STOP
ETHUSDT,SHORT,2024-10-04 14:00:00+00:00,2024-10-06 14:00:00+00:00,2376.2114100000003,2444.56996641,0.5270426422976564,-38.56863154854196,-2.8767876512300505,STOP
ETHUSDT,SHORT,2024-10-06 14:00:00+00:00,2024-10-07 00:00:00+00:00,2428.62894,2468.9854589399997,0.912813253072479,-41.308572668093234,-1.661699664173466,STOP
BTCUSDT,LONG,2024-10-07 07:00:00+00:00,2024-10-07 10:00:00+00:00,63769.70599999999,62999.59477114285,0.04868302017596435,-43.66285291932321,-1.2076443144604432,STOP
ETHUSDT,SHORT,2024-10-07 10:00:00+00:00,2024-10-07 14:00:00+00:00,2456.16138,2498.6368063799996,0.8566088124063014,-40.6291483379706,-1.7293418390936344,STOP
BTCUSDT,LONG,2024-10-07 14:00:00+00:00,2024-10-07 18:00:00+00:00,63520.817359999994,62701.18020156857,0.04503276271360843,-42.59465093232645,-1.290344161955892,STOP
SOLUSDT,LONG,2024-10-07 14:00:00+00:00,2024-10-07 22:00:00+00:00,148.02787999999998,144.30914069142855,5.959948117568505,-23.905806818013755,-2.5121884529937355,STOP
ETHUSDT,SHORT,2024-10-09 17:00:00+00:00,2024-10-09 20:00:00+00:00,2431.69587,2372.88888837,0.2763932003776987,14.925895299416407,2.418352654849054,TP1_HALF
ETHUSDT,SHORT,2024-10-09 17:00:00+00:00,2024-10-10 16:00:00+00:00,2431.69587,2415.0100974999996,0.2763932003776987,3.2722374884023004,0.6861784282259142,STOP
SOLUSDT,LONG,2024-10-13 13:00:00+00:00,2024-10-13 15:00:00+00:00,147.44729999999998,144.66356305714282,8.026667273770155,-24.68880692283007,-1.8879538267958518,STOP
ETHUSDT,SHORT,2024-10-12 17:00:00+00:00,2024-10-14 03:00:00+00:00,2467.26027,2519.95485027,0.6754247179807298,-38.9597103840951,-2.135752798791657,STOP
SOLUSDT,LONG,2024-10-13 17:00:00+00:00,2024-10-14 03:00:00+00:00,146.12597999999997,148.84948151999998,3.6762540617573034,8.927878786570604,1.8638037671329988,TP1_HALF
BTCUSDT,LONG,2024-10-14 04:00:00+00:00,2024-10-14 14:00:00+00:00,64364.28998999999,65266.1413742957,0.01740725642550838,13.442248144827582,1.401167300122208,TP1_HALF
SOLUSDT,LONG,2024-10-13 17:00:00+00:00,2024-10-14 16:00:00+00:00,146.12597999999997,155.0722725,3.6762540617573034,31.78156284164667,6.122314799873396,STOP
BTCUSDT,LONG,2024-10-14 04:00:00+00:00,2024-10-15 03:00:00+00:00,64364.28998999999,65467.28432571429,0.01740725642550838,16.940093731420983,1.7136743618016537,STOP
BTCUSDT,LONG,2024-10-15 13:00:00+00:00,2024-10-15 14:00:00+00:00,65867.81201,67048.90705834715,0.013587708202801214,14.242341282740107,1.793129318107356,TP1_HALF
BTCUSDT,LONG,2024-10-15 13:00:00+00:00,2024-10-15 15:00:00+00:00,65867.81201,66635.08713964284,0.013587708202801214,8.625099843182932,1.1648711354285801,STOP
SOLUSDT,LONG,2024-10-17 08:00:00+00:00,2024-10-19 22:00:00+00:00,152.76261,157.72508417571427,2.0757905920747795,9.656549772836803,3.248487424844515,TP1_HALF
BTCUSDT,LONG,2024-10-18 02:00:00+00:00,2024-10-21 00:00:00+00:00,68153.58549999999,69366.97801414285,0.013256687869728124,14.262498637280485,1.7803795724626426,TP1_HALF
SOLUSDT,LONG,2024-10-17 08:00:00+00:00,2024-10-21 08:00:00+00:00,152.76261,166.4730032142857,2.0757905920747795,27.797238965294746,8.974966593124933,STOP
BTCUSDT,LONG,2024-10-18 02:00:00+00:00,2024-10-21 09:00:00+00:00,68153.58549999999,68168.45438035714,0.013256687869728124,-1.6100666265913655,0.021816725045464835,STOP
BTCUSDT,LONG,2024-10-21 16:00:00+00:00,2024-10-22 00:00:00+00:00,67408.36102,66561.51965790856,0.04385025740300385,-43.00882545919586,-1.2562853469173962,STOP
SOLUSDT,LONG,2024-10-22 01:00:00+00:00,2024-10-22 14:00:00+00:00,165.56539999999998,170.52149352857143,2.0749181889299697,9.5861358000276,2.993435541829048,TP1_HALF
SOLUSDT,LONG,2024-10-22 01:00:00+00:00,2024-10-23 03:00:00+00:00,165.56539999999998,165.69735107142859,2.0749181889299697,-0.4135554293570829,0.07969725040897213,STOP
BTCUSDT,LONG,2024-10-22 01:00:00+00:00,2024-10-23 09:00:00+00:00,67216.87972999999,66266.7370170557,0.03851566369401902,-41.736587284376014,-1.413547782582092,STOP
BTCUSDT,LONG,2024-10-23 19:00:00+00:00,2024-10-24 00:00:00+00:00,66123.84778999999,67267.88471292428,0.013996631483608834,14.14562829100958,1.7301426961080502,TP1_HALF
BTCUSDT,LONG,2024-10-23 19:00:00+00:00,2024-10-25 05:00:00+00:00,66123.84778999999,67570.98922928571,0.013996631483608834,18.38382806532151,2.188531804564131,STOP
SOLUSDT,LONG,2024-10-24 17:00:00+00:00,2024-10-25 09:00:00+00:00,176.88671,170.52958114714286,3.4315883012250694,-23.007238681200413,-3.593898520051131,STOP
SOLUSDT,LONG,2024-10-25 14:00:00+00:00,2024-10-25 17:00:00+00:00,175.38521,169.5401430042857,3.7385695475117666,-23.141716894250106,-3.3327023388769694,STOP
BTCUSDT,LONG,2024-10-25 09:00:00+00:00,2024-10-25 18:00:00+00:00,67726.15849999999,66516.91678542856,0.029709975732405802,-39.91490050350352,-1.7854869393949535,STOP
SOLUSDT,LONG,2024-10-26 00:00:00+00:00,2024-10-26 19:00:00+00:00,165.0649,172.13330867142858,1.4542816503335583,9.789075860520992,4.282199711403556,TP1_HALF
ETHUSDT,SHORT,2024-10-27 14:00:00+00:00,2024-10-28 21:00:00+00:00,2482.30521,2548.4243027099997,0.5306523829218185,-37.75582270694465,-2.663616562686899,STOP
XRPUSDT,SHORT,2024-10-27 09:00:00+00:00,2024-10-29 02:00:00+00:00,0.5125869,0.5255619368999999,1693.538034674383,-23.731863032396557,-2.53128530986646,STOP
BTCUSDT,LONG,2024-10-29 12:00:00+00:00,2024-10-29 16:00:00+00:00,71523.46200999999,72572.69024584713,0.014925624313046065,13.509661433368276,1.4669707063403203,TP1_HALF
BTCUSDT,LONG,2024-10-29 12:00:00+00:00,2024-10-29 20:00:00+00:00,71523.46200999999,72425.74818214285,0.014925624313046065,11.318652596773164,1.2615247455677103,STOP
SOLUSDT,LONG,2024-10-26 00:00:00+00:00,2024-10-30 11:00:00+00:00,165.0649,175.9631464285714,1.4542816503335583,15.353168971714469,6.602400891147298,STOP
XRPUSDT,SHORT,2024-10-29 13:00:00+00:00,2024-10-31 08:00:00+00:00,0.5237757,0.5160841257,1275.1593143727896,8.481995668451955,1.468486281436887,TP1_HALF
BTCUSDT,LONG,2024-10-30 21:00:00+00:00,2024-10-31 13:00:00+00:00,72929.99713999999,71406.06424107427,0.023167701970515053,-38.649958079048794,-2.0895831052897273,STOP
SOLUSDT,LONG,2024-10-30 14:00:00+00:00,2024-10-31 14:00:00+00:00,176.60643,170.62634714142854,3.6202872537554622,-22.906700146458974,-3.38610709619771,STOP
XRPUSDT,SHORT,2024-10-29 13:00:00+00:00,2024-10-31 23:00:00+00:00,0.5237757,0.5118184499999999,1275.1593143727896,13.926851185501606,2.2828951400379993,STOP
BTCUSDT,LONG,2024-10-31 19:00:00+00:00,2024-11-01 01:00:00+00:00,70704.30367,69278.27461918713,0.024646725078815945,-38.597058092707016,-2.0168914433675855,STOP
XRPUSDT,SHORT,2024-11-01 02:00:00+00:00,2024-11-01 03:00:00+00:00,0.5081913,0.5177513912999999,2304.2408524224584,-24.392771987886018,-1.8811993239553404,STOP
BTCUSDT,LONG,2024-11-01 03:00:00+00:00,2024-11-01 13:00:00+00:00,69649.46989,70911.23017760999,0.012471089604314126,13.982580520561173,1.811586347466454,TP1_HALF
SOLUSDT,LONG,2024-11-01 03:00:00+00:00,2024-11-01 14:00:00+00:00,167.82765999999998,173.1015280542857,1.9070492059867978,9.40735714802806,3.1424307854174494,TP1_HALF
BTCUSDT,LONG,2024-11-01 03:00:00+00:00,2024-11-01 15:00:00+00:00,69649.46989,70229.90729250001,0.012471089604314126,5.4942386096344125,0.8333694476307052,STOP
SOLUSDT,LONG,2024-11-01 03:00:00+00:00,2024-11-01 15:00:00+00:00,167.82765999999998,168.38430428571428,1.9070492059867978,0.42037528355420883,0.33167612878253205,STOP
XRPUSDT,SHORT,2024-11-01 16:00:00+00:00,2024-11-03 02:00:00+00:00,0.5156838,0.5036941338,834.4448376265592,9.154100411005782,2.325003461423447,TP1_HALF
BTCUSDT,LONG,2024-11-03 00:00:00+00:00,2024-11-03 02:00:00+00:00,69444.11474,67987.76177954572,0.024028516266733187,-38.296284880898405,-2.097158219824524,STOP
SOLUSDT,LONG,2024-11-02 16:00:00+00:00,2024-11-03 15:00:00+00:00,163.98381999999998,158.16942082285715,3.6861628364181356,-22.620331466836973,-3.5457151669858855,STOP
XRPUSDT,SHORT,2024-11-01 16:00:00+00:00,2024-11-03 21:00:00+00:00,0.5156838,0.5046970499999999,834.4448376265592,8.316385287098228,2.1305206795327214,STOP
ETHUSDT,SHORT,2024-11-03 14:00:00+00:00,2024-11-04 02:00:00+00:00,2432.41515,2487.5169676499995,0.6317784579778569,-37.92044851333852,-2.2653130428824886,STOP
ETHUSDT,SHORT,2024-11-04 14:00:00+00:00,2024-11-04 16:00:00+00:00,2456.46108,2410.46520858,0.3412249288278738,14.03422137523438,1.8724445420482794,TP1_HALF
XRPUSDT,SHORT,2024-11-04 17:00:00+00:00,2024-11-04 21:00:00+00:00,0.5085909,0.49938264089999984,1065.239778069156,8.735270369079512,1.8105434249806929,TP1_HALF
ETHUSDT,SHORT,2024-11-04 14:00:00+00:00,2024-11-04 22:00:00+00:00,2456.46108,2408.3999225,0.3412249288278738,14.739653197987263,1.9565202107741264,STOP
XRPUSDT,SHORT,2024-11-04 17:00:00+00:00,2024-11-05 00:00:00+00:00,0.5085909,0.50591255,1065.239778069156,1.7723955296630678,0.5266216914223132,STOP
SOLUSDT,LONG,2024-11-03 16:00:00+00:00,2024-11-05 14:00:00+00:00,160.14999,165.71518036714286,1.8076719395773895,9.47098114053225,3.4749863969038453,TP1_HALF
BTCUSDT,LONG,2024-11-04 23:00:00+00:00,2024-11-05 14:00:00+00:00,67987.93000999998,69219.3321035614,0.012756026616805109,13.95757839391952,1.8112069206700498,TP1_HALF
SOLUSDT,LONG,2024-11-03 16:00:00+00:00,2024-11-05 19:00:00+00:00,160.14999,163.40535964285715,1.8076719395773895,5.299758429895388,2.03270049711346,STOP
BTCUSDT,LONG,2024-11-04 23:00:00+00:00,2024-11-05 19:00:00+00:00,67987.93000999998,69207.94206642859,0.012756026616805109,13.812432068703702,1.7944538924028919,STOP
ETHUSDT,SHORT,2024-11-05 20:00:00+00:00,2024-11-06 00:00:00+00:00,2405.9916000000003,2474.7617466,0.5031918792440883,-37.06053475214791,-2.858287061351339,STOP
BTCUSDT,LONG,2024-11-06 01:00:00+00:00,2024-11-06 02:00:00+00:00,71167.13603999998,72704.9511682457,0.010310582540853768,14.3723647818655,2.1608500971310285,TP1_HALF
BTCUSDT,LONG,2024-11-06 01:00:00+00:00,2024-11-06 07:00:00+00:00,71167.13603999998,73722.71063571429,0.010310582540853768,24.855564084939772,3.59094764510115,STOP
ETHUSDT,SHORT,2024-11-06 07:00:00+00:00,2024-11-06 15:00:00+00:00,2581.3660499999996,2667.4983835499993,0.3997868979186998,-36.533005669937864,-3.336695837849102,STOP
XRPUSDT,SHORT,2024-11-06 06:00:00+00:00,2024-11-06 22:00:00+00:00,0.5321672999999999,0.5462236922999998,1539.0466198772463,-23.293137068588763,-2.64134836920642,STOP
BTCUSDT,LONG,2024-11-07 18:00:00+00:00,2024-11-10 04:00:00+00:00,76334.14789,78704.96913710999,0.006762296029579243,14.98377470067215,3.1058462203919834,TP1_HALF
SOLUSDT,LONG,2024-11-08 08:00:00+00:00,2024-11-10 14:00:00+00:00,200.58037999999996,209.19419069142853,1.17339282694558,9.626557136075402,4.2944433006999905,TP1_HALF
SOLUSDT,LONG,2024-11-08 08:00:00+00:00,2024-11-10 19:00:00+00:00,200.58037999999996,206.24033892857145,1.17339282694558,6.16399469414874,2.8217909092461912,STOP
BTCUSDT,LONG,2024-11-07 18:00:00+00:00,2024-11-10 21:00:00+00:00,76334.14789,78541.76461500001,0.006762296029579243,13.881241046090304,2.8920434510925075,STOP
BTCUSDT,LONG,2024-11-10 22:00:00+00:00,2024-11-11 01:00:00+00:00,79953.84396999999,81369.80949495856,0.01112199720183254,13.954123384053972,1.7709786730077282,TP1_HALF
BTCUSDT,LONG,2024-11-10 22:00:00+00:00,2024-11-11 22:00:00+00:00,79953.84396999999,86793.70263107143,0.01112199720183254,74.21832314265708,8.554758997751089,STOP
BTCUSDT,LONG,2024-11-12 01:00:00+00:00,2024-11-12 10:00:00+00:00,89067.54857,86237.61213393,0.012268941181558845,-36.87113238719331,-3.1772923825852173,STOP
SOLUSDT,LONG,2024-11-12 01:00:00+00:00,2024-11-12 10:00:00+00:00,220.68045999999998,209.6127802542857,1.9376072520921945,-22.278555841972853,-5.015251348358751,STOP
SOLUSDT,LONG,2024-11-13 08:00:00+00:00,2024-11-13 16:00:00+00:00,205.42521999999997,217.16605085142854,0.8734744177717454,9.886192727845742,5.715379470655346,TP1_HALF
BTCUSDT,LONG,2024-11-13 14:00:00+00:00,2024-11-13 16:00:00+00:00,89241.16200999999,92843.41030620427,0.0045227268546895695,15.468466321463705,4.036532262769765,TP1_HALF
SOLUSDT,LONG,2024-11-13 08:00:00+00:00,2024-11-13 20:00:00+00:00,205.42521999999997,208.2733039285714,0.8734744177717454,2.126373373952465,1.386433432356271,STOP
BTCUSDT,LONG,2024-11-13 14:00:00+00:00,2024-11-13 20:00:00+00:00,89241.16200999999,89480.88490178571,0.0045227268546895695,0.2758901592701327,0.2686236781171303,STOP
XRPUSDT,LONG,2024-11-13 14:00:00+00:00,2024-11-14 17:00:00+00:00,0.7004997999999999,0.7582622073428571,178.4849501418976,10.049353330516363,8.245884915721202,TP1_HALF
XRPUSDT,LONG,2024-11-13 14:00:00+00:00,2024-11-14 23:00:00+00:00,0.7004997999999999,0.7879897928571429,178.4849501418976,15.349974022254301,12.489652796066885,STOP
XRPUSDT,LONG,2024-11-15 01:00:00+00:00,2024-11-15 13:00:00+00:00,0.8001993999999999,0.8733073613142857,142.0834699735694,10.149655178555431,9.136217961958693,TP1_HALF
XRPUSDT,LONG,2024-11-15 01:00:00+00:00,2024-11-16 15:00:00+00:00,0.8001993999999999,1.1247919392857142,142.0834699735694,45.84572486009166,40.56395684447081,STOP
BTCUSDT,LONG,2024-11-14 17:00:00+00:00,2024-11-19 18:00:00+00:00,89287.50830999999,93203.99494633285,0.0041867401506329146,15.633267345919398,4.386376896905997,TP1_HALF
SOLUSDT,LONG,2024-11-20 04:00:00+00:00,2024-11-21 12:00:00+00:00,234.04380999999998,244.77985654714283,0.9654044645289266,9.902368762595351,4.587195255086152,TP1_HALF
XRPUSDT,LONG,2024-11-19 13:00:00+00:00,2024-11-21 18:00:00+00:00,1.1100089,1.2067723482428572,108.00734410600819,10.20093366175288,8.717357873694276,TP1_HALF
XRPUSDT,LONG,2024-11-19 13:00:00+00:00,2024-11-22 13:00:00+00:00,1.1100089,1.4006265428571427,108.00734410600819,31.117672689147,26.181559702552182,STOP
SOLUSDT,LONG,2024-11-20 04:00:00+00:00,2024-11-22 13:00:00+00:00,234.04380999999998,253.15551964285714,0.9654044645289266,17.98018540604213,8.16586845123448,STOP
XRPUSDT,LONG,2024-11-24 15:00:00+00:00,2024-11-25 08:00:00+00:00,1.3669655999999997,1.5074530665428567,75.26722284939076,10.35775194149042,10.277322746297134,TP1_HALF
BTCUSDT,LONG,2024-11-14 17:00:00+00:00,2024-11-25 14:00:00+00:00,89287.50830999999,95482.64784535713,0.0041867401506329146,25.163854800038738,6.938416865490349,STOP
XRPUSDT,LONG,2024-11-24 15:00:00+00:00,2024-11-25 14:00:00+00:00,1.3669655999999997,1.3959062678571428,75.26722284939076,1.9703300044314747,2.11714675608099,STOP
ETHUSDT,LONG,2024-11-25 23:00:00+00:00,2024-11-26 10:00:00+00:00,3454.6011499999995,3320.656098492857,0.2629785013798381,-37.00641591026512,-3.877294242987861,STOP
SOLUSDT,LONG,2024-11-25 23:00:00+00:00,2024-11-26 11:00:00+00:00,236.98674999999997,225.96270396428568,1.9882726011311864,-22.83927840144543,-4.651756284144282,STOP
BTCUSDT,LONG,2024-11-26 17:00:00+00:00,2024-11-26 20:00:00+00:00,94123.45942999999,91290.07797056998,0.01244024465195755,-37.55454831467778,-3.0102818963397837,STOP
ETHUSDT,LONG,2024-11-27 05:00:00+00:00,2024-11-27 15:00:00+00:00,3404.0406399999997,3539.1729243599993,0.12244792732074618,15.696486024098466,3.969761194155419,TP1_HALF
ETHUSDT,LONG,2024-11-27 05:00:00+00:00,2024-11-28 15:00:00+00:00,3404.0406399999997,3542.6987550000003,0.12244792732074618,16.12778494739662,4.073339001029108,STOP
XRPUSDT,LONG,2024-11-26 17:00:00+00:00,2024-11-28 23:00:00+00:00,1.3837823999999999,1.5240282747428568,75.18958328599652,10.326391806586994,10.134965926930196,TP1_HALF
ETHUSDT,LONG,2024-11-29 14:00:00+00:00,2024-11-30 21:00:00+00:00,3614.22061,3725.1463776042856,0.14883625487389066,15.417411923653345,3.0691476689987063,TP1_HALF
XRPUSDT,LONG,2024-11-26 17:00:00+00:00,2024-12-02 02:00:00+00:00,1.3837823999999999,2.353572642857143,75.18958328599652,72.6371140669897,70.08256810154134,STOP
SOLUSDT,LONG,2024-11-27 14:00:00+00:00,2024-12-02 04:00:00+00:00,238.03779999999998,226.1735429142857,1.8238394440623442,-22.485147005010095,-4.984190362082952,STOP
ETHUSDT,LONG,2024-11-29 14:00:00+00:00,2024-12-02 08:00:00+00:00,3614.22061,3641.700011785714,0.14883625487389066,3.0099871969518084,0.7603133497076309,STOP
SOLUSDT,LONG,2024-12-02 14:00:00+00:00,2024-12-03 13:00:00+00:00,226.04581999999996,219.10649417999997,3.1997630913552424,-23.628580582668967,-3.069875753508733,STOP
XRPUSDT,LONG,2024-12-03 12:00:00+00:00,2024-12-03 13:00:00+00:00,2.8527498999999996,2.5321616322428566,67.60624594569673,-22.037822930738916,-11.237867986855177,STOP
ETHUSDT,LONG,2024-12-03 12:00:00+00:00,2024-12-03 14:00:00+00:00,3617.4238099999993,3513.106115832856,0.3413044352671432,-38.0377731855792,-2.8837564976148866,STOP
BTCUSDT,LONG,2024-12-03 15:00:00+00:00,2024-12-04 19:00:00+00:00,95330.48524999998,97077.04353224998,0.009239148317734718,14.359029319407707,1.8321088764729598,TP1_HALF
BTCUSDT,LONG,2024-12-03 15:00:00+00:00,2024-12-05 05:00:00+00:00,95330.48524999998,102142.0232325,0.009239148317734718,61.10833189765618,7.145183374066599,STOP
ETHUSDT,LONG,2024-12-05 15:00:00+00:00,2024-12-05 20:00:00+00:00,3931.1071799999995,3799.0864335342853,0.26806644770258997,-37.46253807014165,-3.3583603911230497,STOP
BTCUSDT,LONG,2024-12-05 23:00:00+00:00,2024-12-06 17:00:00+00:00,96685.62903999999,99704.15686488856,0.005487077337443209,15.485289676843797,3.122002571488447,TP1_HALF
BTCUSDT,LONG,2024-12-05 23:00:00+00:00,2024-12-08 09:00:00+00:00,96685.62903999999,98681.87755607144,0.005487077337443209,9.881573374524235,2.064679659110036,STOP
SOLUSDT,LONG,2024-12-08 16:00:00+00:00,2024-12-09 03:00:00+00:00,237.58734999999996,230.2554355071428,3.0207410427195365,-23.561046934005454,-3.085986898232229,STOP
SOLUSDT,LONG,2024-12-09 05:00:00+00:00,2024-12-09 09:00:00+00:00,232.7325,225.9962775,3.2861250584209687,-23.643509687110697,-2.8944055944055913,STOP
BTCUSDT,LONG,2024-12-09 05:00:00+00:00,2024-12-09 15:00:00+00:00,99527.41798999999,97648.91097522427,0.019221159361066557,-39.89704033315621,-1.88742665359255,STOP
XRPUSDT,LONG,2024-12-05 03:00:00+00:00,2024-12-09 21:00:00+00:00,2.364362,2.049678127285714,68.22409529145756,-21.770166413008592,-13.30946245601502,STOP
ETHUSDT,LONG,2024-12-09 22:00:00+00:00,2024-12-10 03:00:00+00:00,3702.0583599999995,3611.793308425714,0.39108107806801296,-38.161262676853916,-2.438239562876199,STOP
XRPUSDT,LONG,2024-12-10 01:00:00+00:00,2024-12-10 03:00:00+00:00,2.2573551,2.085360509185714,124.65277788259219,-21.98093509001958,-7.619297062047781,STOP
BTCUSDT,LONG,2024-12-10 04:00:00+00:00,2024-12-10 16:00:00+00:00,97028.92198999999,94466.53089800998,0.013634029471929644,-37.546570315217394,-2.6408528915266016,STOP
XRPUSDT,LONG,2024-12-10 04:00:00+00:00,2024-12-10 17:00:00+00:00,2.1526505,1.9658933530714284,113.80011434934815,-21.721675437461794,-8.675683624841636,STOP
BTCUSDT,LONG,2024-12-11 14:00:00+00:00,2024-12-11 20:00:00+00:00,98835.59685999999,101546.01419814,0.005940366593357802,14.910532381291661,2.7423493399643117,TP1_HALF
BTCUSDT,LONG,2024-12-11 14:00:00+00:00,2024-12-12 19:00:00+00:00,98835.59685999999,99628.207065,0.005940366593357802,3.5294474325097225,0.801948114020834,STOP
BTCUSDT,LONG,2024-12-13 08:00:00+00:00,2024-12-14 01:00:00+00:00,100230.12999999999,102257.60717571428,0.007860496282602988,14.345322697422173,2.022822055318385,TP1_HALF
BTCUSDT,LONG,2024-12-13 08:00:00+00:00,2024-12-16 02:00:00+00:00,100230.12999999999,104413.64469428571,0.007860496282602988,31.275900072405634,4.173909276866872,STOP
XRPUSDT,LONG,2024-12-12 23:00:00+00:00,2024-12-16 16:00:00+00:00,2.3529506,2.539868902971428,55.227732194691875,10.05285465360525,7.943996060581471,TP1_HALF
XRPUSDT,LONG,2024-12-12 23:00:00+00:00,2024-12-17 22:00:00+00:00,2.3529506,2.536100646428572,55.227732194691875,9.844950502678678,7.7838457989118925,STOP
ETHUSDT,LONG,2024-12-17 15:00:00+00:00,2024-12-17 22:00:00+00:00,4024.03001,3905.0517635614283,0.29291787107587663,-37.173424403825564,-2.956693815476086,STOP
ETHUSDT,LONG,2024-12-18 00:00:00+00:00,2024-12-18 20:00:00+00:00,3896.90301,3765.6154109185713,0.26346460770514074,-36.60843819833912,-3.369024036382895,STOP
BTCUSDT,LONG,2024-12-19 16:00:00+00:00,2024-12-19 17:00:00+00:00,100780.53985999999,97851.38445478285,0.011814789070572354,-36.95414755602847,-2.906469254169708,STOP
BTCUSDT,LONG,2024-12-19 19:00:00+00:00,2024-12-19 20:00:00+00:00,99031.66272999998,96104.25620191284,0.011762579310316532,-36.72915318289151,-2.956030876779714,STOP
XRPUSDT,LONG,2024-12-19 03:00:00+00:00,2024-12-20 10:00:00+00:00,2.2959936999999995,2.1185444634428565,119.2407713297314,-21.68557677461916,-7.7286464922418086,STOP
BTCUSDT,LONG,2024-12-26 14:00:00+00:00,2024-12-29 19:00:00+00:00,95800.14443999999,93350.22969520284,0.014033113938950632,-37.03430150628798,-2.557318424850119,STOP
XRPUSDT,LONG,2024-12-26 17:00:00+00:00,2024-12-29 21:00:00+00:00,2.1851829999999994,2.1056966241428565,267.1009753466118,-22.376986650913707,-3.6375157530121216,STOP
